address,orientation
42 NORTH ARM ROAD,S
8A CAWARRAH ROAD,N
83A SUGARLOAF CRESCENT,E
81 SUGARLOAF CRESCENT,E
79 SUGARLOAF CRESCENT,E
106 SUGARLOAF CRESCENT,SW
108 SUGARLOAF CRESCENT,SW
108 SUGARLOAF CRESCENT,SW
114 SUGARLOAF CRESCENT,N
77 SUGARLOAF CRESCENT,E
75 SUGARLOAF CRESCENT,E
73 SUGARLOAF CRESCENT,E
71 SUGARLOAF CRESCENT,SW
112 SUGARLOAF CRESCENT,SW
110 SUGARLOAF CRESCENT,SW
69 SUGARLOAF CRESCENT,SW
67 SUGARLOAF CRESCENT,SW
11 THE LEE,SW
9 THE LEE,SW
7 THE LEE,SE
7 COVELEE CIRCUIT,E
9 COVELEE CIRCUIT,E
11 COVELEE CIRCUIT,E
15 COVELEE CIRCUIT,E
13 COVELEE CIRCUIT,E
17 COVELEE CIRCUIT,E
83 SUGARLOAF CRESCENT,E
355 EDINBURGH ROAD,S
333 EDINBURGH ROAD,S
335 EDINBURGH ROAD,S
306 EDINBURGH ROAD,S
308 EDINBURGH ROAD,S
343 EDINBURGH ROAD,S
341 EDINBURGH ROAD,S
339A EDINBURGH ROAD,S
349 EDINBURGH ROAD,S
345 EDINBURGH ROAD,S
351 EDINBURGH ROAD,S
353 EDINBURGH ROAD,S
375 EDINBURGH ROAD,SE
345 EDINBURGH ROAD,S
373 EDINBURGH ROAD,E
371 EDINBURGH ROAD,E
369 EDINBURGH ROAD,S
359 EDINBURGH ROAD,W
361 EDINBURGH ROAD,N
357 EDINBURGH ROAD,S
329 EDINBURGH ROAD,S
337 EDINBURGH ROAD,S
339 EDINBURGH ROAD,S
304 EDINBURGH ROAD,S
302 EDINBURGH ROAD,S
300 EDINBURGH ROAD,S
300 EDINBURGH ROAD,W
335 EDINBURGH ROAD,S
333 EDINBURGH ROAD,S
296 EDINBURGH ROAD,W
1A THE TOR WALK,W
1 THE TOR WALK,S
3 THE TOR WALK,S
321 EDINBURGH ROAD,S
325 EDINBURGH ROAD,S
327 EDINBURGH ROAD,S
329 EDINBURGH ROAD,S
329 EDINBURGH ROAD,S
363 EDINBURGH ROAD,N
365 EDINBURGH ROAD,N
367 EDINBURGH ROAD,W
2 THE LEE,SW
3 COVELEE CIRCUIT,SW
1 COVELEE CIRCUIT,E
159 EASTERN VALLEY WAY,E
161A EASTERN VALLEY WAY,E
1 SUGARLOAF CRESCENT,SW
3 SUGARLOAF CRESCENT,SW
5 SUGARLOAF CRESCENT,SW
155 EASTERN VALLEY WAY,SW
157 EASTERN VALLEY WAY,E
153 EASTERN VALLEY WAY,SW
6 SUGARLOAF CRESCENT,SW
4 SUGARLOAF CRESCENT,SW
2A SUGARLOAF CRESCENT,SW
2A SUGARLOAF CRESCENT,SW
3 SUNNYSIDE CRESCENT,W
143 EASTERN VALLEY WAY,W
3 SUNNYSIDE CRESCENT,W
8 SUGARLOAF CRESCENT,SW
5 SUNNYSIDE CRESCENT,W
3 THE PALISADE,E
15 THE OUTPOST,SW
28 THE RAMPART,E
30 THE RAMPART,E
32 THE RAMPART,E
34 THE RAMPART,E
36 THE RAMPART,E
24 THE RAMPART,E
22 THE RAMPART,E
20 THE RAMPART,E
18 THE RAMPART,E
26 THE RAMPART,E
3 THE REDOUBT,SE
5 THE REDOUBT,N
9 THE REDOUBT,SE
7 THE REDOUBT,N
9 THE BARBETTE,E
9 THE BARBETTE,NE
7 THE BARBETTE,NE
5 THE BARBETTE,NE
11 THE REDOUBT,N
13 THE REDOUBT,N
15 THE REDOUBT,SE
1 THE REDOUBT,NE
4 THE RAMPART,NE
10 THE OUTPOST,E
16 THE BARBETTE,E
18 THE BARBETTE,E
6 THE RAMPART,E
13 THE RAMPART,SW
11 THE RAMPART,SW
9 THE RAMPART,SW
7 THE RAMPART,SW
5 THE RAMPART,SW
18 THE PARAPET,SW
22 THE PARAPET,SW
24 THE PARAPET,SW
20 THE PARAPET,SW
30 THE PARAPET,SW
28 THE PARAPET,SW
26 THE PARAPET,SW
25 THE RAMPART,SW
23 THE RAMPART,SW
21 THE RAMPART,SW
19 THE RAMPART,SW
17 THE RAMPART,SW
15 THE RAMPART,SW
8 THE RAMPART,E
8 THE RAMPART,E
10 THE RAMPART,E
12 THE RAMPART,E
16 THE RAMPART,E
14 THE RAMPART,E
31 THE RAMPART,E
27 THE RAMPART,SW
29 THE RAMPART,SW
38 THE RAMPART,SW
40 THE RAMPART,E
16 THE PARAPET,SW
10A THE POSTERN,SW
38 THE RAMPART,SW
28 MOROTAI CRESCENT,N
30 MOROTAI CRESCENT,S
21 MOROTAI CRESCENT,S
48 THE RAMPART,NE
37 THE RAMPART,SE
35 THE RAMPART,SE
44 THE RAMPART,E
46 THE RAMPART,E
44A THE RAMPART,E
42 THE RAMPART,E
33 THE RAMPART,SE
33 THE RAMPART,SW
32 THE PARAPET,SW
36 THE PARAPET,SE
34 THE PARAPET,SW
38 THE PARAPET,SE
40 THE PARAPET,SE
39 THE RAMPART,SE
12 THE POSTERN,NE
14 THE POSTERN,SW
16 THE POSTERN,SW
93A EASTERN VALLEY WAY,S
3 THE RAMPART,SW
2 THE RAMPART,N
10 THE BASTION,W
12 THE BASTION,W
16 RAEBURN AVENUE,S
18 RAEBURN AVENUE,S
117 EASTERN VALLEY WAY,E
115 EASTERN VALLEY WAY,E
113 EASTERN VALLEY WAY,S
111 EASTERN VALLEY WAY,S
109 EASTERN VALLEY WAY,SE
105 EASTERN VALLEY WAY,SE
107 EASTERN VALLEY WAY,SE
103 EASTERN VALLEY WAY,SE
101 EASTERN VALLEY WAY,E
1A MOROTAI CRESCENT,W
69 EASTERN VALLEY WAY,W
3 MOROTAI CRESCENT,W
5 MOROTAI CRESCENT,W
16 MOROTAI CRESCENT,W
14 MOROTAI CRESCENT,W
12 MOROTAI CRESCENT,W
10 MOROTAI CRESCENT,W
8 MOROTAI CRESCENT,W
6 MOROTAI CRESCENT,W
4 MOROTAI CRESCENT,W
2 GARDEN PLACE,W
2 MOROTAI CRESCENT,W
10A THE OUTPOST,N
18 MOROTAI CRESCENT,W
20 MOROTAI CRESCENT,W
22 MOROTAI CRESCENT,W
24 MOROTAI CRESCENT,W
26 MOROTAI CRESCENT,W
13 MOROTAI CRESCENT,W
15 MOROTAI CRESCENT,W
17 MOROTAI CRESCENT,SE
19 MOROTAI CRESCENT,SE
85 EASTERN VALLEY WAY,SW
89 EASTERN VALLEY WAY,SE
87 EASTERN VALLEY WAY,SE
"UNIT 2, 91 EASTERN VALLEY WAY",SW
18 THE POSTERN,S
83 EASTERN VALLEY WAY,SW
81 EASTERN VALLEY WAY,SW
79 EASTERN VALLEY WAY,SW
77 EASTERN VALLEY WAY,SW
75 EASTERN VALLEY WAY,SW
73 EASTERN VALLEY WAY,SW
11 MOROTAI CRESCENT,W
9 MOROTAI CRESCENT,W
7 MOROTAI CRESCENT,W
71 EASTERN VALLEY WAY,SW
90 THE BULWARK,SW
92 THE BULWARK,SW
94 THE BULWARK,SW
99 THE BULWARK,SW
101 THE BULWARK,SW
103 THE BULWARK,SW
105 THE BULWARK,SW
107 THE BULWARK,SW
13 THE BASTION,W
11 THE BASTION,W
111 THE BULWARK,SW
100 THE BULWARK,SW
100 THE BULWARK,SW
98 THE BULWARK,SW
96 THE BULWARK,SW
102 THE BULWARK,SW
11 THE BARBICAN,N
9 THE BARBICAN,N
7 THE BARBICAN,N
5 THE BARBICAN,N
3 THE BASTION,W
117 THE BULWARK,SW
106 THE BULWARK,N
104 THE BULWARK,SW
25 CHEYNE WALK,W
113 THE BULWARK,SW
115 THE BULWARK,SW
7 THE BASTION,W
9 THE BASTION,W
8 THE BASTION,W
6 THE BASTION,W
4 THE BASTION,W
108 THE BULWARK,SW
1 ROCKLEY STREET,SW
119 THE BULWARK,SW
1 THE BASTION,W
2 THE BASTION,W
1 THE BARBETTE,NE
3 THE BARBETTE,NE
14 THE BARBETTE,E
12 THE BARBETTE,NE
8 THE BARBETTE,NE
6 THE BARBETTE,E
10 THE BARBETTE,NE
4 THE BARBETTE,E
25 CHEYNE WALK,W
2 THE BARBETTE,E
12 ROCKLEY STREET,E
8 ROCKLEY STREET,E
7 ROCKLEY STREET,E
25 CHEYNE WALK,W
31 CHEYNE WALK,W
7 ROCKLEY STREET,E
1 THE BARBICAN,N
2 THE BARBICAN,N
3 ROCKLEY STREET,N
15 CHEYNE WALK,SW
17 CHEYNE WALK,SW
19 CHEYNE WALK,SW
31 CHEYNE WALK,W
31 CHEYNE WALK,SW
31 CHEYNE WALK,W
50 LINDEN WAY,W
31 CHEYNE WALK,W
31 CHEYNE WALK,W
23 CHEYNE WALK,SW
21 CHEYNE WALK,SW
17 CHEYNE WALK,SW
13 CHEYNE WALK,SW
15 CHEYNE WALK,SW
11 CHEYNE WALK,SW
9 CHEYNE WALK,SW
7 CHEYNE WALK,SW
16A LINDEN WAY,SE
28 LINDEN WAY,SE
32 LINDEN WAY,SE
30 LINDEN WAY,SE
19 CHEYNE WALK,SW
19 CHEYNE WALK,SW
25 CHEYNE WALK,SW
27 CHEYNE WALK,SW
29 CHEYNE WALK,SW
31 CHEYNE WALK,SW
38 LINDEN WAY,SE
34 LINDEN WAY,SE
36 LINDEN WAY,SE
50 LINDEN WAY,SE
46 LINDEN WAY,SE
54 LINDEN WAY,SE
48 LINDEN WAY,SE
52 LINDEN WAY,SE
44 LINDEN WAY,SE
42 LINDEN WAY,SE
40 LINDEN WAY,SE
19 LINDEN WAY,SE
11 LINDEN WAY,SE
17 LINDEN WAY,SE
50 LINDEN WAY,W
13 LINDEN WAY,SE
15 LINDEN WAY,SE
5 CHEYNE WALK,SW
3 CHEYNE WALK,SW
3A CHEYNE WALK,SW
5 CHEYNE WALK,SW
5 CHEYNE WALK,SW
153 EDINBURGH ROAD,NW
170 EDINBURGH ROAD,W
68 LINDEN WAY,SE
168 EDINBURGH ROAD,W
7 THE TOR WALK,S
26 THE BATTLEMENT,SW
292 EDINBURGH ROAD,S
5 THE TOR WALK,S
172 EDINBURGH ROAD,W
174 EDINBURGH ROAD,W
176 EDINBURGH ROAD,W
178 EDINBURGH ROAD,W
163 EDINBURGH ROAD,W
161 EDINBURGH ROAD,W
159 EDINBURGH ROAD,W
48 SUNNYSIDE CRESCENT,W
12 THE TOR WALK,N
37 SUGARLOAF CRESCENT,SW
276 EDINBURGH ROAD,N
5 THE HIGH TOR,S
240 EDINBURGH ROAD,W
64 SUGARLOAF CRESCENT,SW
79 SUNNYSIDE CRESCENT,W
65 SUNNYSIDE CRESCENT,W
67 SUNNYSIDE CRESCENT,W
69 SUNNYSIDE CRESCENT,W
71 SUNNYSIDE CRESCENT,S
16 SUNNYSIDE CRESCENT,W
38 SUNNYSIDE CRESCENT,W
36 SUNNYSIDE CRESCENT,W
40 SUNNYSIDE CRESCENT,W
42 SUNNYSIDE CRESCENT,W
75 SUNNYSIDE CRESCENT,W
77 SUNNYSIDE CRESCENT,W
46 SUNNYSIDE CRESCENT,W
278 EDINBURGH ROAD,N
6 THE TOR WALK,N
35 SUGARLOAF CRESCENT,SW
278A EDINBURGH ROAD,E
44 SUNNYSIDE CRESCENT,W
157 EDINBURGH ROAD,W
31 SUGARLOAF CRESCENT,SW
155 EDINBURGH ROAD,W
274 EDINBURGH ROAD,E
1 THE HIGH TOR,SE
2 THE HIGH TOR,S
3 THE HIGH TOR,S
151 EDINBURGH ROAD,NW
37A LINDEN WAY,SE
33 SUGARLOAF CRESCENT,SW
261 EDINBURGH ROAD,E
265 EDINBURGH ROAD,E
257 EDINBURGH ROAD,E
273 EDINBURGH ROAD,E
275 EDINBURGH ROAD,E
287 EDINBURGH ROAD,E
289 EDINBURGH ROAD,E
269 EDINBURGH ROAD,E
289 EDINBURGH ROAD,E
269 EDINBURGH ROAD,E
39 LINDEN WAY,SE
269 EDINBURGH ROAD,E
269 EDINBURGH ROAD,E
257 EDINBURGH ROAD,E
261 EDINBURGH ROAD,E
297A EDINBURGH ROAD,S
319 EDINBURGH ROAD,S
315 EDINBURGH ROAD,S
297A EDINBURGH ROAD,S
297A EDINBURGH ROAD,E
309 EDINBURGH ROAD,S
286 EDINBURGH ROAD,S
288 EDINBURGH ROAD,S
311-313 EDINBURGH ROAD,S
9 THE TOR WALK,S
2A THE TOR WALK,S
13 THE TOR WALK,S
11 THE TOR WALK,S
11 THE TOR WALK,S
7B THE TOR WALK,S
290 EDINBURGH ROAD,S
7A THE TOR WALK,S
40 SUGARLOAF CRESCENT,SW
70 LINDEN WAY,SE
25 THE TOR WALK,S
23 THE TOR WALK,S
19-23 THE TOR WALK,S
17 THE TOR WALK,S
15 THE TOR WALK,S
2 THE TOR WALK,S
4 THE TOR WALK,S
4A THE TOR WALK,N
303A EDINBURGH ROAD,S
282 EDINBURGH ROAD,S
284 EDINBURGH ROAD,S
307 EDINBURGH ROAD,S
305 EDINBURGH ROAD,S
299 EDINBURGH ROAD,E
297 EDINBURGH ROAD,E
303 EDINBURGH ROAD,E
295 EDINBURGH ROAD,E
291 EDINBURGH ROAD,E
301 EDINBURGH ROAD,E
280 EDINBURGH ROAD,S
2A THE HIGH TOR,E
266 EDINBURGH ROAD,W
270 EDINBURGH ROAD,NE
149 EDINBURGH ROAD,NW
35 LINDEN WAY,SE
66 LINDEN WAY,SE
7A THE HIGH TOR,SE
4A THE HIGH TOR,N
4 THE HIGH TOR,S
18A THE TOR WALK,N
22 THE TOR WALK,N
20A THE TOR WALK,S
24 THE TOR WALK,N
28 THE TOR WALK,N
26 THE TOR WALK,S
39 THE TOR WALK,S
41 THE TOR WALK,S
37 THE TOR WALK,S
35 THE TOR WALK,S
33 THE TOR WALK,S
31 THE TOR WALK,S
16 THE TOR WALK,N
16 THE TOR WALK,N
14 THE TOR WALK,N
29 THE TOR WALK,S
8 CHEYNE WALK,SW
8 CHEYNE WALK,SW
1 CHEYNE WALK,SW
9 LINDEN WAY,SE
23A LINDEN WAY,S
21 LINDEN WAY,SE
7 LINDEN WAY,SE
3A LINDEN WAY,S
5 LINDEN WAY,SE
6 LINDEN WAY,SW
6 CHEYNE WALK,SW
6 CHEYNE WALK,SW
4 CHEYNE WALK,SW
4 CHEYNE WALK,SW
2A CHEYNE WALK,SW
4 LINDEN WAY,SW
43 THE TOR WALK,S
1 LINDEN WAY,S
30 THE TOR WALK,N
13 THE HIGH TOR,SE
6 THE HIGH TOR,S
4B THE HIGH TOR,N
9 THE HIGH TOR,SE
11 THE HIGH TOR,SE
29 LINDEN WAY,W
60 LINDEN WAY,SE
27 LINDEN WAY,SE
15 THE HIGH TOR,SE
23 LINDEN WAY,SE
25 LINDEN WAY,SE
8B THE BULWARK,SW
10 THE BULWARK,S
8A THE BULWARK,SW
9 KNIGHT PLACE,S
12 KNIGHT PLACE,S
6 THE BULWARK,NW
10A THE BULWARK,S
10C THE BULWARK,SE
12 THE BULWARK,S
31 THE SCARP,SE
34 THE SCARP,SE
10B THE BULWARK,SE
36 THE SCARP,SE
22 THE BULWARK,SW
18 THE BULWARK,SW
16 THE BULWARK,SW
32 THE SCARP,SE
14 THE BULWARK,S
4 THE BULWARK,NW
242 EDINBURGH ROAD,W
10 KNIGHT PLACE,S
56 LINDEN WAY,SE
58 LINDEN WAY,SE
8 KNIGHT PLACE,S
2A THE BULWARK,S
7 KNIGHT PLACE,S
6 KNIGHT PLACE,S
62 LINDEN WAY,SE
64 LINDEN WAY,SE
4 KNIGHT PLACE,S
5 KNIGHT PLACE,S
1B THE BULWARK,S
3 THE BULWARK,SW
5 THE BULWARK,SW
2 KNIGHT PLACE,S
3 KNIGHT PLACE,S
1 KNIGHT PLACE,S
256 EDINBURGH ROAD,W
260 EDINBURGH ROAD,W
262 EDINBURGH ROAD,W
72 LINDEN WAY,SE
258 EDINBURGH ROAD,W
254 EDINBURGH ROAD,S
244 EDINBURGH ROAD,S
29 THE SCARP,SE
8 THE BULWARK,SW
8C THE BULWARK,NW
35 THE SCARP,SE
27C THE SCARP,W
27B THE SCARP,NE
43 THE SCARP,SE
39 THE SCARP,SE
37 THE SCARP,SE
43 THE SCARP,SE
27C THE SCARP,S
8C THE BULWARK,W
37 THE SCARP,S
42 SUGARLOAF CRESCENT,SW
44 SUGARLOAF CRESCENT,SW
46 SUGARLOAF CRESCENT,SW
48 SUGARLOAF CRESCENT,SW
50 SUGARLOAF CRESCENT,SW
50 SUGARLOAF CRESCENT,SW
52 SUGARLOAF CRESCENT,SW
56 SUGARLOAF CRESCENT,SW
58 SUGARLOAF CRESCENT,SW
60 SUGARLOAF CRESCENT,SW
54 SUGARLOAF CRESCENT,SW
39 SUNNYSIDE CRESCENT,W
41 SUNNYSIDE CRESCENT,W
43 SUNNYSIDE CRESCENT,W
49 SUNNYSIDE CRESCENT,W
51 SUNNYSIDE CRESCENT,W
49 SUNNYSIDE CRESCENT,W
47 SUNNYSIDE CRESCENT,W
45 SUNNYSIDE CRESCENT,W
37 SUNNYSIDE CRESCENT,W
35 SUNNYSIDE CRESCENT,W
4 SUNNYSIDE CRESCENT,W
25 RUTLAND AVENUE,S
26 CHARLES STREET,S
24 CHARLES STREET,S
23 RUTLAND AVENUE,S
21 RUTLAND AVENUE,S
19 RUTLAND AVENUE,S
20 CHARLES STREET,S
22 CHARLES STREET,S
19 CHARLES STREET,S
17 CHARLES STREET,S
14 SUNNYSIDE CRESCENT,W
12 SUNNYSIDE CRESCENT,W
10 SUNNYSIDE CRESCENT,W
21 CHARLES STREET,S
63 SUNNYSIDE CRESCENT,W
61 SUNNYSIDE CRESCENT,W
23 CHARLES STREET,W
8 SUNNYSIDE CRESCENT,W
6 SUNNYSIDE CRESCENT,W
8A SUNNYSIDE CRESCENT,W
53 SUNNYSIDE CRESCENT,W
55 SUNNYSIDE CRESCENT,W
57 SUNNYSIDE CRESCENT,W
59 SUNNYSIDE CRESCENT,W
83 SUNNYSIDE CRESCENT,N
81 SUNNYSIDE CRESCENT,N
48A SUNNYSIDE CRESCENT,W
50 SUNNYSIDE CRESCENT,W
52 SUNNYSIDE CRESCENT,W
54 SUNNYSIDE CRESCENT,W
58 SUNNYSIDE CRESCENT,W
165 EDINBURGH ROAD,W
56 SUNNYSIDE CRESCENT,W
165A EDINBURGH ROAD,E
167 EDINBURGH ROAD,E
169 EDINBURGH ROAD,E
95A SUNNYSIDE CRESCENT,E
95A SUNNYSIDE CRESCENT,E
95 SUNNYSIDE CRESCENT,S
89-93 SUNNYSIDE CRESCENT,S
97 SUNNYSIDE CRESCENT,W
73 SUNNYSIDE CRESCENT,NW
76 SUGARLOAF CRESCENT,SW
74 SUGARLOAF CRESCENT,SW
72 SUGARLOAF CRESCENT,SW
70 SUGARLOAF CRESCENT,SW
66 SUGARLOAF CRESCENT,SW
39 SUGARLOAF CRESCENT,SW
38 SUGARLOAF CRESCENT,SW
23 SUGARLOAF CRESCENT,SW
12 LINCOLN AVENUE,W
55 SUGARLOAF CRESCENT,SW
51 SUGARLOAF CRESCENT,SW
49 SUGARLOAF CRESCENT,SW
47 SUGARLOAF CRESCENT,SW
25 SUGARLOAF CRESCENT,SW
27 SUGARLOAF CRESCENT,SW
29 SUGARLOAF CRESCENT,SW
43 SUGARLOAF CRESCENT,SW
41 SUGARLOAF CRESCENT,SW
45 SUGARLOAF CRESCENT,SW
54 SUGARLOAF CRESCENT,SW
84 SUGARLOAF CRESCENT,SW
90 SUGARLOAF CRESCENT,SW
92 SUGARLOAF CRESCENT,SW
59 SUGARLOAF CRESCENT,SW
57 SUGARLOAF CRESCENT,SW
53 SUGARLOAF CRESCENT,SW
21 LINCOLN AVENUE,W
19 LINCOLN AVENUE,W
61 SUGARLOAF CRESCENT,SW
104 SUGARLOAF CRESCENT,SW
102 SUGARLOAF CRESCENT,SW
98 SUGARLOAF CRESCENT,SW
100 SUGARLOAF CRESCENT,SW
98 SUGARLOAF CRESCENT,SW
96 SUGARLOAF CRESCENT,SW
94 SUGARLOAF CRESCENT,SW
80 SUGARLOAF CRESCENT,SW
189 EDINBURGH ROAD,E
187 EDINBURGH ROAD,E
"UNIT 1R, 185 EDINBURGH ROAD",E
193 EDINBURGH ROAD,E
191 EDINBURGH ROAD,W
191 EDINBURGH ROAD,W
189 EDINBURGH ROAD,E
181 EDINBURGH ROAD,E
179 EDINBURGH ROAD,E
173 EDINBURGH ROAD,E
171 EDINBURGH ROAD,N
177 EDINBURGH ROAD,E
183 EDINBURGH ROAD,E
171 EDINBURGH ROAD,N
194 EDINBURGH ROAD,W
192 EDINBURGH ROAD,W
1 THE CITADEL,NW
190 EDINBURGH ROAD,NW
188 EDINBURGH ROAD,W
184 EDINBURGH ROAD,W
182 EDINBURGH ROAD,W
180 EDINBURGH ROAD,W
32 THE BATTLEMENT,SW
44 RAEBURN AVENUE,S
34 THE BATTLEMENT,SW
38 THE BATTLEMENT,SW
36 THE BATTLEMENT,SW
40 THE BATTLEMENT,NW
7 THE CITADEL,NE
5 THE CITADEL,NW
3 THE CITADEL,NW
37 THE BATTLEMENT,E
11 THE CITADEL,NE
9 THE CITADEL,NE
30 THE BATTLEMENT,SW
28 THE BATTLEMENT,SW
33 THE BATTLEMENT,SW
35 THE BATTLEMENT,SW
31 THE BATTLEMENT,SW
29 THE BATTLEMENT,SW
27 THE CITADEL,SW
25 THE CITADEL,SW
23 THE CITADEL,SW
21 THE CITADEL,SW
19 THE CITADEL,W
77 THE BULWARK,SW
75 THE BULWARK,SW
79 THE BULWARK,SW
27 THE BATTLEMENT,SW
25 THE BATTLEMENT,SW
23 THE BATTLEMENT,SW
81 THE BULWARK,SW
63 THE BULWARK,S
83 THE BULWARK,SW
85 THE BULWARK,SW
87 THE BULWARK,SW
80 THE BULWARK,SW
67 THE BULWARK,SW
69 THE BULWARK,SW
71 THE BULWARK,SW
73 THE BULWARK,SW
68 THE BULWARK,SW
80A THE BULWARK,SW
70-72 THE BULWARK,SW
78 THE BULWARK,SW
76 THE BULWARK,SW
74 THE BULWARK,SW
82 THE BULWARK,SW
89 THE BULWARK,SW
91 THE BULWARK,SW
84 THE BULWARK,SW
86 THE BULWARK,SW
88 THE BULWARK,SW
88A THE BULWARK,SW
196 EDINBURGH ROAD,NE
198 EDINBURGH ROAD,S
197 EDINBURGH ROAD,E
15 THE CITADEL,W
63 THE BULWARK,W
4 THE BARTIZAN,W
64 THE BULWARK,SW
66 THE BULWARK,SW
6 THE LEE,SE
4 THE LEE,SE
11 SUGARLOAF CRESCENT,SW
9 SUGARLOAF CRESCENT,SW
7 SUGARLOAF CRESCENT,SW
10 SUGARLOAF CRESCENT,SW
8 SUGARLOAF CRESCENT,SW
9 SUNNYSIDE CRESCENT,W
7 SUNNYSIDE CRESCENT,W
127 EASTERN VALLEY WAY,E
131 EASTERN VALLEY WAY,S
133 EASTERN VALLEY WAY,S
135 EASTERN VALLEY WAY,S
137 EASTERN VALLEY WAY,S
139 EASTERN VALLEY WAY,W
141 EASTERN VALLEY WAY,W
46 RAEBURN AVENUE,S
45 RAEBURN AVENUE,W
42 RAEBURN AVENUE,S
41 RAEBURN AVENUE,S
43 RAEBURN AVENUE,W
29 SUNNYSIDE CRESCENT,W
31 SUNNYSIDE CRESCENT,W
27 SUNNYSIDE CRESCENT,W
25 SUNNYSIDE CRESCENT,W
23 SUNNYSIDE CRESCENT,W
36 RUTLAND AVENUE,S
2A SUNNYSIDE CRESCENT,W
38 RUTLAND AVENUE,S
39 RAEBURN AVENUE,S
40 RAEBURN AVENUE,S
38 RAEBURN AVENUE,S
37 RAEBURN AVENUE,S
35 RAEBURN AVENUE,S
36 RAEBURN AVENUE,S
34 RAEBURN AVENUE,S
32 RAEBURN AVENUE,S
31 RAEBURN AVENUE,S
33 RAEBURN AVENUE,S
34 RUTLAND AVENUE,S
32 RUTLAND AVENUE,S
29 RAEBURN AVENUE,S
30 RUTLAND AVENUE,S
28 RUTLAND AVENUE,S
27 RAEBURN AVENUE,S
30 RAEBURN AVENUE,S
129 EASTERN VALLEY WAY,S
127 EASTERN VALLEY WAY,S
28 RAEBURN AVENUE,S
125 EASTERN VALLEY WAY,E
26 RAEBURN AVENUE,S
24 RAEBURN AVENUE,S
123 EASTERN VALLEY WAY,E
121 EASTERN VALLEY WAY,E
119 EASTERN VALLEY WAY,E
22 RAEBURN AVENUE,E
20 RAEBURN AVENUE,E
22 RAEBURN AVENUE,E
21 RAEBURN AVENUE,E
19 RAEBURN AVENUE,E
21 RAEBURN AVENUE,E
22 RUTLAND AVENUE,E
24 RUTLAND AVENUE,S
23 RAEBURN AVENUE,S
25 RAEBURN AVENUE,S
26 RUTLAND AVENUE,S
34 SUGARLOAF CRESCENT,SW
32 SUGARLOAF CRESCENT,SW
19 SUNNYSIDE CRESCENT,W
15B SUNNYSIDE CRESCENT,W
17 SUNNYSIDE CRESCENT,W
15 SUNNYSIDE CRESCENT,W
13 SUNNYSIDE CRESCENT,W
11 SUNNYSIDE CRESCENT,W
13 SUNNYSIDE CRESCENT,W
26 SUGARLOAF CRESCENT,SW
28 SUGARLOAF CRESCENT,SW
30 SUGARLOAF CRESCENT,SW
21 SUGARLOAF CRESCENT,SW
24 SUGARLOAF CRESCENT,SW
12 SUGARLOAF CRESCENT,SW
14 SUGARLOAF CRESCENT,SW
20 SUGARLOAF CRESCENT,SW
22 SUGARLOAF CRESCENT,SW
18 SUGARLOAF CRESCENT,SW
16 SUGARLOAF CRESCENT,SW
17 SUGARLOAF CRESCENT,SW
19 SUGARLOAF CRESCENT,SW
10 LINCOLN AVENUE,W
4 LINCOLN AVENUE,W
6 LINCOLN AVENUE,W
2 LINCOLN AVENUE,W
13 SUGARLOAF CRESCENT,W
1 LINCOLN AVENUE,W
3 LINCOLN AVENUE,SE
17 LINCOLN AVENUE,W
15 LINCOLN AVENUE,W
11 LINCOLN AVENUE,W
9 LINCOLN AVENUE,W
13 LINCOLN AVENUE,W
7 LINCOLN AVENUE,S
5 LINCOLN AVENUE,SE
8 THE LEE,SE
10 THE LEE,SE
65 SUGARLOAF CRESCENT,SW
31 SUNNYSIDE CRESCENT,W
33 SUNNYSIDE CRESCENT,S
22 RUTLAND AVENUE,E
20 RUTLAND AVENUE,E
36 SUGARLOAF CRESCENT,SW
63 SUGARLOAF CRESCENT,SW
217 EDINBURGH ROAD,E
211 EDINBURGH ROAD,E
207 EDINBURGH ROAD,E
203 EDINBURGH ROAD,W
203 EDINBURGH ROAD,E
207 EDINBURGH ROAD,E
217B EDINBURGH ROAD,N
217B EDINBURGH ROAD,N
225 EDINBURGH ROAD,S
225 EDINBURGH ROAD,N
219A EDINBURGH ROAD,E
223 EDINBURGH ROAD,E
239 EDINBURGH ROAD,NW
241 EDINBURGH ROAD,E
"UNIT 2, 249 EDINBURGH ROAD",E
245 EDINBURGH ROAD,E
233 EDINBURGH ROAD,NW
253 EDINBURGH ROAD,E
253 EDINBURGH ROAD,E
233A EDINBURGH ROAD,E
245 EDINBURGH ROAD,E
233A EDINBURGH ROAD,N
227 EDINBURGH ROAD,N
27 THE SCARP,NE
23 THE SCARP,NE
17 THE SCARP,W
19 THE SCARP,W
15 THE SCARP,W
13 THE SCARP,NW
8 THE SCARP,NE
10B THE SCARP,NE
10A THE SCARP,NE
38 THE BULWARK,SW
14 THE SCARP,NE
26 THE SCARP,NE
32 THE BULWARK,NE
34 THE BULWARK,N
18 THE SCARP,N
34A THE BULWARK,NE
36 THE BULWARK,SW
36A THE BULWARK,SW
16 THE SCARP,N
25 THE BULWARK,SW
28 THE BULWARK,SW
26 THE BULWARK,SW
30 THE SCARP,SE
28 THE SCARP,NE
236 EDINBURGH ROAD,W
234 EDINBURGH ROAD,W
230 EDINBURGH ROAD,W
228 EDINBURGH ROAD,W
222 EDINBURGH ROAD,S
224 EDINBURGH ROAD,S
226 EDINBURGH ROAD,W
222 EDINBURGH ROAD,S
220 EDINBURGH ROAD,W
216 EDINBURGH ROAD,W
214 EDINBURGH ROAD,W
218 EDINBURGH ROAD,W
232 EDINBURGH ROAD,W
228 EDINBURGH ROAD,S
15 THE BULWARK,S
11A THE BULWARK,S
9 THE BULWARK,SW
7 THE BULWARK,SW
11 THE BULWARK,SW
19 THE BULWARK,SW
17 THE BULWARK,SW
21 THE BULWARK,SW
23 THE BULWARK,SW
200 EDINBURGH ROAD,S
202 EDINBURGH ROAD,E
204 EDINBURGH ROAD,E
206 EDINBURGH ROAD,W
208 EDINBURGH ROAD,W
212 EDINBURGH ROAD,W
210 EDINBURGH ROAD,W
215 EDINBURGH ROAD,E
211 EDINBURGH ROAD,E
209 EDINBURGH ROAD,E
205 EDINBURGH ROAD,E
201 EDINBURGH ROAD,E
31 THE BULWARK,NW
27 THE BULWARK,SW
29 THE BULWARK,NW
33 THE BULWARK,NW
35 THE BULWARK,E
37 THE BULWARK,E
39 THE BULWARK,S
5 TOWER RESERVE,SW
43 THE BULWARK,SW
40 THE BULWARK,SW
42 THE BULWARK,SW
45 THE BULWARK,SW
42 THE BULWARK,SW
49 THE BULWARK,SW
47 THE BULWARK,SW
49 THE BULWARK,W
55 THE BULWARK,W
59 THE BULWARK,W
57 THE BULWARK,W
1 THE BARRICADE,NE
50 THE BULWARK,E
2 THE SCARP,NE
4 THE SCARP,NE
48 THE BULWARK,SW
53 THE BULWARK,W
2 THE BARTIZAN,W
51 THE BULWARK,W
6 THE BARTIZAN,W
44 THE BULWARK,SW
46 THE BULWARK,SW
6 THE SCARP,NE
11 THE SCARP,NW
9 THE SCARP,NW
7 THE SCARP,E
25 THE SCARP,NE
27A THE SCARP,NE
27B THE SCARP,W
5 THE SCARP,E
3 THE SCARP,NE
1 THE SCARP,S
15 THE BARRICADE,NW
11A THE BARRICADE,W
7 THE BARRICADE,W
9 THE BARRICADE,W
102 THE BULWARK,SE
11 THE BARRICADE,W
5 THE BARRICADE,NE
56 THE BULWARK,NE
54 THE BULWARK,NE
3 THE BARRICADE,NE
52 THE BULWARK,NE
58 THE BULWARK,NE
60 THE BULWARK,SW
200 EDINBURGH ROAD,S
13 THE CITADEL,NE
61 THE BULWARK,W
65 THE BULWARK,SW
17 THE CITADEL,W
62 THE BULWARK,SW
111 EDINBURGH ROAD,W
9 EDITH STREET,E
10 RUTLAND AVENUE,S
11 EDITH STREET,E
97 THE BULWARK,SW
42 THE PARAPET,SE
21 THE PARAPET,W
23 THE PARAPET,W
25 THE PARAPET,W
44 THE PARAPET,SE
46 THE PARAPET,SE
6 THE POSTERN,SE
8 THE POSTERN,SE
4 THE POSTERN,W
31 THE PARAPET,W
29 THE PARAPET,W
27 THE PARAPET,W
9 THE PARAPET,E
5 THE PARAPET,W
3 THE PARAPET,W
6 THE PARAPET,W
8 THE PARAPET,W
12 THE PARAPET,E
10 THE PARAPET,W
9 THE PARAPET,E
7 THE PARAPET,W
11 THE PARAPET,E
15 THE PARAPET,W
17 THE PARAPET,W
19 THE PARAPET,W
14 THE PARAPET,SW
12 THE PARAPET,SW
2 SORTIE PORT,E
22 THE BASTION,W
1 SORTIE PORT,E
16 THE BASTION,W
14 THE BASTION,W
18 THE BASTION,W
20 THE BASTION,W
15 THE BASTION,W
17 THE BASTION,W
4 SORTIE PORT,N
6 SORTIE PORT,N
8 SORTIE PORT,N
1 THE BATTLEMENT,SW
25 THE BASTION,NW
23 THE BASTION,W
21 THE BASTION,SW
19 THE BASTION,SW
95 THE BULWARK,SW
9 THE BATTLEMENT,SW
7 THE BATTLEMENT,SW
5 THE BATTLEMENT,SW
3 THE BATTLEMENT,SW
10 SORTIE PORT,N
12 SORTIE PORT,N
2 THE PARAPET,W
4 THE PARAPET,W
1 THE PARAPET,E
140 EDINBURGH ROAD,E
138 EDINBURGH ROAD,E
136 EDINBURGH ROAD,E
144 EDINBURGH ROAD,W
142 EDINBURGH ROAD,W
14 SORTIE PORT,N
148 EDINBURGH ROAD,N
119 EDINBURGH ROAD,W
117 EDINBURGH ROAD,W
121 EDINBURGH ROAD,E
150 EDINBURGH ROAD,W
8 THE BATTLEMENT,SW
6B THE BATTLEMENT,SW
15A EDITH STREET,E
2 THE BATTLEMENT,E
4 THE BATTLEMENT,SW
13 THE BATTLEMENT,SW
11 THE BATTLEMENT,SW
93 THE BULWARK,SW
15 THE BATTLEMENT,SW
17 THE BATTLEMENT,SE
19 THE BATTLEMENT,SW
12 THE BATTLEMENT,SW
10 THE BATTLEMENT,SW
156 EDINBURGH ROAD,SE
158 EDINBURGH ROAD,SE
158 EDINBURGH ROAD,SE
16 THE BATTLEMENT,SW
14 THE BATTLEMENT,SW
21 THE BATTLEMENT,SW
18 THE BATTLEMENT,SW
20 THE BATTLEMENT,SW
22 THE BATTLEMENT,SW
24 THE BATTLEMENT,SW
166 EDINBURGH ROAD,W
164 EDINBURGH ROAD,W
147 EDINBURGH ROAD,NW
145 EDINBURGH ROAD,NW
162 EDINBURGH ROAD,W
160 EDINBURGH ROAD,W
143 EDINBURGH ROAD,NW
32 SUNNYSIDE CRESCENT,W
34 SUNNYSIDE CRESCENT,W
28 SUNNYSIDE CRESCENT,W
30 SUNNYSIDE CRESCENT,W
22 SUNNYSIDE CRESCENT,W
24 SUNNYSIDE CRESCENT,W
26 SUNNYSIDE CRESCENT,W
20 SUNNYSIDE CRESCENT,W
18 SUNNYSIDE CRESCENT,W
13 EDITH STREET,E
15 EDITH STREET,E
7 EDITH STREET,E
5 EDITH STREET,E
3 EDITH STREET,E
1 EDITH STREET,E
135 EDINBURGH ROAD,SE
133 EDINBURGH ROAD,SW
5 CHARLES STREET,S
7 CHARLES STREET,E
6 CHARLES STREET,S
5 RUTLAND AVENUE,S
7 RUTLAND AVENUE,S
9 RUTLAND AVENUE,S
12 CHARLES STREET,S
10 CHARLES STREET,S
8 CHARLES STREET,S
9 CHARLES STREET,E
11 CHARLES STREET,S
17 EDITH STREET,E
13 CHARLES STREET,S
15 CHARLES STREET,S
16 CHARLES STREET,S
18 CHARLES STREET,S
17 RUTLAND AVENUE,S
15 RUTLAND AVENUE,S
14 CHARLES STREET,S
13 RUTLAND AVENUE,S
11 RUTLAND AVENUE,S
1 RUTLAND AVENUE,S
3 RUTLAND AVENUE,S
4 CHARLES STREET,S
3 CHARLES STREET,S
1 CHARLES STREET,S
2 CHARLES STREET,S
107 EDINBURGH ROAD,W
109 EDINBURGH ROAD,W
115 EDINBURGH ROAD,S
113 EDINBURGH ROAD,S
103 EDINBURGH ROAD,S
105 EDINBURGH ROAD,N
132 EDINBURGH ROAD,E
134 EDINBURGH ROAD,E
128 EDINBURGH ROAD,W
130 EDINBURGH ROAD,W
2 THE POSTERN,W
41 THE RAMPART,SE
1 THE RAMPART,E
97 EASTERN VALLEY WAY,E
18 THE POSTERN,E
7 THE POSTERN,SW
9 THE POSTERN,N
11 THE POSTERN,N
"UNIT 5, 99 EASTERN VALLEY WAY",S
12 RUTLAND AVENUE,S
"SHOP 3, 100 EDINBURGH ROAD",SE
11 RAEBURN AVENUE,S
13 RAEBURN AVENUE,S
14 RUTLAND AVENUE,S
16 RUTLAND AVENUE,S
18 RUTLAND AVENUE,S
"UNIT 2A, 3 THE POSTERN",SE
5 THE POSTERN,SE
6 RUTLAND AVENUE,S
8 RUTLAND AVENUE,S
17 RAEBURN AVENUE,S
15 RAEBURN AVENUE,S
14 RAEBURN AVENUE,S
12 RAEBURN AVENUE,S
10 RAEBURN AVENUE,S
9 RAEBURN AVENUE,S
8 RAEBURN AVENUE,S
7 RAEBURN AVENUE,S
5 RAEBURN AVENUE,S
6 RAEBURN AVENUE,S
83 EDINBURGH ROAD,E
85 EDINBURGH ROAD,E
81A EDINBURGH ROAD,E
"UNIT 2, 79 EDINBURGH ROAD",E
91 EDINBURGH ROAD,E
89 EDINBURGH ROAD,E
87 EDINBURGH ROAD,E
95 EDINBURGH ROAD,S
1 RAEBURN AVENUE,S
2 RAEBURN AVENUE,S
4 RAEBURN AVENUE,S
3 RAEBURN AVENUE,S
4 RUTLAND AVENUE,S
2 RUTLAND AVENUE,S
97 EDINBURGH ROAD,W
99 EDINBURGH ROAD,W
"SHOP 5, 120 EDINBURGH ROAD",W
"UNIT 1, 77A EDINBURGH ROAD",E
"SHOP 1, 118 EDINBURGH ROAD",SE
116 EDINBURGH ROAD,SE
95 EASTERN VALLEY WAY,E
73-77 EDINBURGH ROAD,E
101 EDINBURGH ROAD,W
2 ROCKLEY STREET,E
4 ROCKLEY STREET,E
6 ROCKLEY STREET,E
8A ROCKLEY STREET,E
14 ROCKLEY STREET,E
10 ROCKLEY STREET,E
8A ROCKLEY STREET,E
